{
  "steps": [
    {
      "step": 1,
      "rewards": {
        "trader_0": 0.006098972440611021,
        "trader_1": 0.006098972440611021,
        "trader_2": 0.006098972440611021,
        "trader_3": 0.006098972440611021,
        "trader_4": 0.006098972440611021,
        "trader_5": 0.006098972440611021,
        "trader_6": 0.006098972440611021,
        "trader_7": 0.006098972440611021,
        "trader_8": 0.006098972440611021,
        "trader_9": 0.006098972440611021,
        "market_maker": -0.0560941252509082,
        "oversight": 0.0
      },
      "info": {
        "trade_count": 10,
        "total_volume": 10.0,
        "market_maker_spreads": {
          "atm": 0.02,
          "otm": 0.04,
          "itm": 0.03
        },
        "detected_manipulations": {
          "trader_0": "none",
          "trader_1": "none",
          "trader_2": "none",
          "trader_3": "none",
          "trader_4": "none",
          "trader_5": "none",
          "trader_6": "none",
          "trader_7": "none",
          "trader_8": "none",
          "trader_9": "none"
        }
      }
    },
    {
      "step": 2,
      "rewards": {
        "trader_0": 0.016243024467286347,
        "trader_1": 0.016243024467286347,
        "trader_2": 0.016243024467286347,
        "trader_3": 0.016243024467286347,
        "trader_4": 0.016243024467286347,
        "trader_5": 0.016243024467286347,
        "trader_6": 0.016243024467286347,
        "trader_7": 0.016243024467286347,
        "trader_8": 0.016243024467286347,
        "trader_9": 0.016243024467286347,
        "market_maker": -0.15853658433412182,
        "oversight": 0.0
      },
      "info": {
        "trade_count": 10,
        "total_volume": 10.0,
        "market_maker_spreads": {
          "atm": 0.02,
          "otm": 0.04,
          "itm": 0.03
        },
        "detected_manipulations": {
          "trader_0": "none",
          "trader_1": "none",
          "trader_2": "none",
          "trader_3": "none",
          "trader_4": "none",
          "trader_5": "none",
          "trader_6": "none",
          "trader_7": "none",
          "trader_8": "none",
          "trader_9": "none"
        }
      }
    },
    {
      "step": 3,
      "rewards": {
        "trader_0": -0.009218490221179536,
        "trader_1": -0.009218490221179536,
        "trader_2": -0.009218490221179536,
        "trader_3": -0.009218490221179536,
        "trader_4": -0.009218490221179536,
        "trader_5": -0.009218490221179536,
        "trader_6": -0.009218490221179536,
        "trader_7": -0.009218490221179536,
        "trader_8": -0.009218490221179536,
        "trader_9": -0.009218490221179536,
        "market_maker": 0.09507393348479547,
        "oversight": 0.0
      },
      "info": {
        "trade_count": 10,
        "total_volume": 10.0,
        "market_maker_spreads": {
          "atm": 0.02,
          "otm": 0.04,
          "itm": 0.03
        },
        "detected_manipulations": {
          "trader_0": "none",
          "trader_1": "none",
          "trader_2": "none",
          "trader_3": "none",
          "trader_4": "none",
          "trader_5": "none",
          "trader_6": "none",
          "trader_7": "none",
          "trader_8": "none",
          "trader_9": "none"
        }
      }
    },
    {
      "step": 4,
      "rewards": {
        "trader_0": 0.08102722700446904,
        "trader_1": 0.08102722700446904,
        "trader_2": 0.08102722700446904,
        "trader_3": 0.08102722700446904,
        "trader_4": 0.08102722700446904,
        "trader_5": 0.08102722700446904,
        "trader_6": 0.08102722700446904,
        "trader_7": 0.08102722700446904,
        "trader_8": 0.08102722700446904,
        "trader_9": 0.08102722700446904,
        "market_maker": -0.8083774137396255,
        "oversight": 0.0
      },
      "info": {
        "trade_count": 10,
        "total_volume": 10.0,
        "market_maker_spreads": {
          "atm": 0.02,
          "otm": 0.04,
          "itm": 0.03
        },
        "detected_manipulations": {
          "trader_0": "none",
          "trader_1": "none",
          "trader_2": "none",
          "trader_3": "none",
          "trader_4": "none",
          "trader_5": "none",
          "trader_6": "none",
          "trader_7": "none",
          "trader_8": "none",
          "trader_9": "none"
        }
      }
    },
    {
      "step": 5,
      "rewards": {
        "trader_0": -0.03110660178017923,
        "trader_1": -0.03110660178017923,
        "trader_2": -0.03110660178017923,
        "trader_3": -0.03110660178017923,
        "trader_4": -0.03110660178017923,
        "trader_5": -0.03110660178017923,
        "trader_6": -0.03110660178017923,
        "trader_7": -0.03110660178017923,
        "trader_8": -0.03110660178017923,
        "trader_9": -0.03110660178017923,
        "market_maker": 0.31195656777274794,
        "oversight": 0.0
      },
      "info": {
        "trade_count": 10,
        "total_volume": 10.0,
        "market_maker_spreads": {
          "atm": 0.02,
          "otm": 0.04,
          "itm": 0.03
        },
        "detected_manipulations": {
          "trader_0": "none",
          "trader_1": "none",
          "trader_2": "none",
          "trader_3": "none",
          "trader_4": "none",
          "trader_5": "none",
          "trader_6": "none",
          "trader_7": "none",
          "trader_8": "none",
          "trader_9": "none"
        }
      }
    },
    {
      "step": 6,
      "rewards": {
        "trader_0": -0.036747455959457366,
        "trader_1": -0.036747455959457366,
        "trader_2": -0.036747455959457366,
        "trader_3": -0.036747455959457366,
        "trader_4": -0.036747455959457366,
        "trader_5": -0.036747455959457366,
        "trader_6": -0.036747455959457366,
        "trader_7": -0.036747455959457366,
        "trader_8": -0.036747455959457366,
        "trader_9": -0.036747455959457366,
        "market_maker": 0.3673593291511558,
        "oversight": 0.0
      },
      "info": {
        "trade_count": 10,
        "total_volume": 10.0,
        "market_maker_spreads": {
          "atm": 0.02,
          "otm": 0.04,
          "itm": 0.03
        },
        "detected_manipulations": {
          "trader_0": "none",
          "trader_1": "none",
          "trader_2": "none",
          "trader_3": "none",
          "trader_4": "none",
          "trader_5": "none",
          "trader_6": "none",
          "trader_7": "none",
          "trader_8": "none",
          "trader_9": "none"
        }
      }
    },
    {
      "step": 7,
      "rewards": {
        "trader_0": 0.021919101388835998,
        "trader_1": 0.021919101388835998,
        "trader_2": 0.021919101388835998,
        "trader_3": 0.021919101388835998,
        "trader_4": 0.021919101388835998,
        "trader_5": 0.021919101388835998,
        "trader_6": 0.021919101388835998,
        "trader_7": 0.021919101388835998,
        "trader_8": 0.021919101388835998,
        "trader_9": 0.021919101388835998,
        "market_maker": -0.2203039927606238,
        "oversight": 0.0
      },
      "info": {
        "trade_count": 10,
        "total_volume": 10.0,
        "market_maker_spreads": {
          "atm": 0.02,
          "otm": 0.04,
          "itm": 0.03
        },
        "detected_manipulations": {
          "trader_0": "none",
          "trader_1": "none",
          "trader_2": "none",
          "trader_3": "none",
          "trader_4": "none",
          "trader_5": "none",
          "trader_6": "none",
          "trader_7": "none",
          "trader_8": "none",
          "trader_9": "none"
        }
      }
    },
    {
      "step": 8,
      "rewards": {
        "trader_0": -0.17788955476809193,
        "trader_1": -0.17788955476809193,
        "trader_2": -0.17788955476809193,
        "trader_3": -0.17788955476809193,
        "trader_4": -0.17788955476809193,
        "trader_5": -0.17788955476809193,
        "trader_6": -0.17788955476809193,